{"cameraMode":{"drawMode":0,"name":"Shaded","section":"Shading Mode"},"sceneLighting":true,"audioPlay":false,"sceneViewState":{"m_AlwaysRefresh":false,"showFog":true,"showSkybox":true,"showFlares":true,"showImageEffects":true,"showParticleSystems":true,"showVisualEffectGraphs":true,"m_FxEnabled":true},"in2DMode":false,"pivot":{"x":45.68144607543945,"y":10.778838157653809,"z":50.97972106933594},"rotation":{"x":0.31750449538230898,"y":0.09791038930416107,"z":-0.03297935053706169,"w":0.9426129460334778},"size":3.2247674465179445,"orthographic":false}